"category","subcategory","ID","Description","GeneRatio","BgRatio","RichFactor","FoldEnrichment","zScore","pvalue","p.adjust","qvalue","geneID","Count"
"Environmental Information Processing","Signal transduction","mmu04668","TNF signaling pathway - Mus musculus (house mouse)","29/235","118/11244",0.245762711864407,11.7589614136314,17.1649651653091,2.13438196175509e-23,5.27192344553508e-21,3.77448599552479e-21,"12051/11796/20296/20297/20304/12977/12981/14825/15945/20310/330122/20311/14102/14281/15894/15953/15977/16168/16193/16362/16477/16878/26399/18035/19225/20339/21929/22029/22329",29
"Organismal Systems","Immune system","mmu04621","NOD-like receptor signaling pathway - Mus musculus (house mouse)","33/235","212/11244",0.155660377358491,7.44785226816539,13.847041153564,7.40795922916529e-20,9.14882964801914e-18,6.55019552894615e-18,"11796/12364/12363/20296/20304/14825/20310/330122/14469/55932/229898/229900/15951/15977/56489/16173/16193/54123/16391/15944/54396/18035/216799/246730/23961/23960/246728/246727/20846/20847/21353/21929/56338",33
"Environmental Information Processing","Signaling molecules and interaction","mmu04060","Cytokine-cytokine receptor interaction - Mus musculus (house mouse)","36/235","294/11244",0.122448979591837,5.85879287885367,12.3337770170364,4.67848354985122e-18,3.85195145604417e-16,2.75784293464914e-16,"20295/20296/20297/20301/20304/20306/20308/21939/12977/12981/12985/14825/15945/56066/20310/330122/20311/14102/23886/15977/16165/16168/16173/16174/16181/83430/16186/16193/16878/18049/18413/18414/21808/27279/69583/53603",36
"Organismal Systems","Immune system","mmu04657","IL-17 signaling pathway - Mus musculus (house mouse)","20/235","97/11244",0.206185567010309,9.86532134239965,12.8115728169719,7.36976129607936e-15,4.55082760032901e-13,3.25821025721403e-13,"20295/20296/20297/20306/12981/12985/14825/15945/20310/330122/20311/14281/14283/56489/16193/16819/17386/18035/19225/21929",20
"Human Diseases","Immune disease","mmu05323","Rheumatoid arthritis - Mus musculus (house mouse)","19/235","87/11244",0.218390804597701,10.4493030080704,12.9266736900094,1.15741877387361e-14,5.71764874293563e-13,4.09360745285824e-13,"20296/20297/20304/12519/12977/12981/14825/20310/330122/20311/14281/14999/15894/16168/16173/83430/16193/21808/69583",19
"Human Diseases","Infectious disease: viral","mmu05164","Influenza A - Mus musculus (house mouse)","25/235","174/11244",0.14367816091954,6.87454145267792,11.4097436506421,1.98017732230106e-14,8.15172997680603e-13,5.8363121078347e-13,"20296/20304/15945/14102/14999/15894/15977/56489/16173/16193/54123/16391/17857/17858/18035/216799/170722/246730/23961/23960/246728/246727/58185/20846/20847",25
"Human Diseases","Infectious disease: viral","mmu05169","Epstein-Barr virus infection - Mus musculus (house mouse)","28/235","228/11244",0.12280701754386,5.87592385218365,10.8670952848782,2.92945676545738e-14,1.03367974438282e-12,7.40073288115549e-13,"21939/15945/14102/13197/17873/23882/14999/110557/15040/15894/15977/56489/16193/54123/16391/100038882/26399/18035/18037/246730/23961/23960/246728/246727/20846/20847/21354/21929",28
"Human Diseases","Infectious disease: viral","mmu05168","Herpes simplex virus 1 infection - Mus musculus (house mouse)","27/235","215/11244",0.125581395348837,6.00866897575458,10.8336447956257,5.01362122069396e-14,1.54795555188926e-12,1.10827416457445e-12,"11796/69550/12266/20296/20304/16149/14102/14999/110557/15040/15977/56489/16193/54123/16391/18035/170722/246730/23961/23960/246728/246727/170741/20684/20846/20847/21354",27
"Environmental Information Processing","Signaling molecules and interaction","mmu04061","Viral protein interaction with cytokine and cytokine receptor - Mus musculus (house mouse)","18/235","95/11244",0.189473684210526,9.0657110862262,11.5342034353417,8.04588691819557e-13,2.20814896532701e-11,1.58094620147001e-11,"20295/20296/20297/20301/20304/20306/20308/12977/14825/15945/56066/20310/330122/20311/16173/16174/16186/16193",18
"Human Diseases","Infectious disease: viral","mmu05160","Hepatitis C - Mus musculus (house mouse)","21/235","164/11244",0.128048780487805,6.12672548002076,9.662582331121,2.56735654329452e-11,6.34137066193748e-10,4.54016736077348e-10,"56492/15945/14102/15957/667373/112419/15977/56489/54123/16391/17857/17858/18035/246730/23961/23960/246728/246727/58185/20846/20847",21
"Human Diseases","Infectious disease: viral","mmu05162","Measles - Mus musculus (house mouse)","19/235","142/11244",0.133802816901408,6.40203775846569,9.46460027301753,1.09190160848582e-10,2.45181542996361e-09,1.75540162895328e-09,"14102/14281/15977/56489/16186/16193/54123/16391/17857/17858/18035/246730/23961/23960/246728/246727/20846/20847/21929",19
"Human Diseases","Cardiovascular disease","mmu05417","Lipid and atherosclerosis - Mus musculus (house mouse)","23/235","217/11244",0.105990783410138,5.07132071771742,8.847846824802,1.39384225694303e-10,2.86899197887441e-09,2.05408332602131e-09,"20296/20304/21939/14825/20310/330122/13198/14102/14281/15894/15977/56489/16173/16193/54123/26399/17972/18035/216799/20339/20344/21353/22329",23
"Human Diseases","Infectious disease: viral","mmu05167","Kaposi sarcoma-associated herpesvirus infection - Mus musculus (house mouse)","23/235","223/11244",0.103139013452915,4.93487262665776,8.6710903124835,2.41665878543796e-10,4.59165169233212e-09,3.28743867168888e-09,"12266/12981/14825/20310/330122/14102/14281/110557/15040/15894/15977/56489/16193/54123/16391/26399/18035/18591/19225/20846/20847/22190/22695",23
"Organismal Systems","Immune system","mmu04620","Toll-like receptor signaling pathway - Mus musculus (house mouse)","15/235","104/11244",0.144230769230769,6.90098199672668,8.83282171355968,3.71520274375273e-09,6.55467912647803e-08,4.69288767631924e-08,"20304/21939/12519/15945/56066/14281/15977/56489/16193/54123/16391/26399/18035/20846/20847",15
"Environmental Information Processing","Signal transduction","mmu04064","NF-kappa B signaling pathway - Mus musculus (house mouse)","15/235","107/11244",0.14018691588785,6.70749652018294,8.66671539359796,5.55432346270744e-09,9.14611930192492e-08,6.54825502971825e-08,"11796/21939/14825/20310/330122/13197/17873/23882/15894/18035/18792/19225/21929/22029/22329",15
"Organismal Systems","Immune system","mmu04625","C-type lectin receptor signaling pathway - Mus musculus (house mouse)","15/235","112/11244",0.133928571428571,6.4080547112462,8.40358485406325,1.05383977904124e-08,1.62686515889492e-07,1.16477028209822e-07,"12051/20295/56619/13654/13655/56489/83430/16193/16362/16391/18035/216799/19225/20846/20847",15
"Environmental Information Processing","Signal transduction","mmu04630","JAK-STAT signaling pathway - Mus musculus (house mouse)","17/235","171/11244",0.0994152046783626,4.75670026129153,7.23224368443834,1.00762346741916e-07,1.4093017565327e-06,1.00900360152352e-06,"12700/12981/12985/15977/16165/16168/83430/16186/16193/16391/16878/18413/18414/18591/20846/20847/53603",17
"Human Diseases","Infectious disease: parasitic","mmu05144","Malaria - Mus musculus (house mouse)","11/235","66/11244",0.166666666666667,7.97446808510638,8.30237043917877,1.0270215229793e-07,1.4093017565327e-06,1.00900360152352e-06,"20296/21939/12985/15894/16173/16193/16633/20339/20344/21808/22329",11
"Organismal Systems","Immune system","mmu04623","Cytosolic DNA-sensing pathway - Mus musculus (house mouse)","12/235","82/11244",0.146341463414634,7.00197197716658,7.96949827766427,1.19390643911688e-07,1.55207837085195e-06,1.111225937793e-06,"20304/15945/15951/15977/56489/16173/16193/54123/18035/216799/69870/58203",12
"Human Diseases","Infectious disease: viral","mmu05171","Coronavirus disease - Mus musculus (house mouse)","24/235","338/11244",0.0710059171597633,3.39740652146544,6.53835333692529,1.58451031597142e-07,1.95687024022471e-06,1.40104070043789e-06,"12266/20296/12981/12985/15945/14281/15977/56489/16193/16391/100038882/17857/17858/18035/216799/246730/23961/23960/246728/246727/102632403/20344/20846/20847",24
"Human Diseases","Infectious disease: parasitic","mmu05145","Toxoplasmosis - Mus musculus (house mouse)","13/235","109/11244",0.119266055045872,5.70650009759906,7.2138533765178,4.12511786648316e-07,4.85192434772067e-06,3.47378346651213e-06,"11796/21939/14999/16145/15944/54396/16780/16782/26399/18035/18126/20846/21808",13
"Organismal Systems","Immune system","mmu04062","Chemokine signaling pathway - Mus musculus (house mouse)","17/235","194/11244",0.0876288659793814,4.19276157051985,6.55371141787017,6.21230626945434e-07,6.97472567525101e-06,4.99362417831737e-06,"20295/20296/20297/20301/20304/20306/20308/14825/15945/56066/20310/330122/20311/140580/18035/20846/20847",17
"Organismal Systems","Development and regeneration","mmu04380","Osteoclast differentiation - Mus musculus (house mouse)","13/235","132/11244",0.0984848484848485,4.71218568665377,6.26789397774648,3.71624779489589e-06,3.99092697973602e-05,2.85734384229981e-05,"12977/14281/14283/15977/16391/16477/16822/26399/17972/18035/20846/20847/21808",13
"Human Diseases","Immune disease","mmu05321","Inflammatory bowel disease - Mus musculus (house mouse)","9/235","62/11244",0.145161290322581,6.94550446122169,6.85844895547826,5.0503458462043e-06,5.19764760005192e-05,3.72130746562422e-05,"14462/14999/16173/16174/83430/16186/16193/20846/21808",9
"Human Diseases","Infectious disease: viral","mmu05161","Hepatitis B - Mus musculus (house mouse)","14/235","164/11244",0.0853658536585366,4.08448365334717,5.81347243296188,8.45199523619385e-06,8.35057129335953e-05,5.97867452497081e-05,"12364/13654/13655/14102/14281/15977/56489/16193/54123/26399/18035/20846/20847/21808",14
"Human Diseases","Infectious disease: parasitic","mmu05140","Leishmaniasis - Mus musculus (house mouse)","9/235","70/11244",0.128571428571429,6.15173252279635,6.31682860825275,1.40028576943091e-05,0.000133027148095937,9.52421090139245e-05,"12266/14281/14999/17972/18035/18126/19225/20846/21808",9
"Environmental Information Processing","Signaling molecules and interaction","mmu04514","Cell adhesion molecule (CAM) interaction - Mus musculus (house mouse)","14/235","180/11244",0.0777777777777778,3.72141843971631,5.37745262226333,2.43856726523915e-05,0.000223083746116322,0.000159719025559523,"60533/21939/12519/56492/14999/110557/15040/15894/50723/52118/20339/20343/20344/22329",14
"Human Diseases","Cancer: specific types","mmu05222","Small cell lung cancer - Mus musculus (house mouse)","10/235","94/11244",0.106382978723404,5.09008601177003,5.81781671049648,2.55390461867565e-05,0.000225290871718888,0.000161299239074252,"11796/13197/17873/23882/16780/16782/18035/18126/19225/22029",10
"Organismal Systems","Immune system","mmu04672","Intestinal immune network for IgA production - Mus musculus (house mouse)","7/235","43/11244",0.162790697674419,7.78901533894112,6.51648979818291,2.70313393441355e-05,0.00023023244200005,0.000164837205437922,"21939/12519/14999/50723/16168/16193/69583",7
"Human Diseases","Infectious disease: parasitic","mmu05142","Chagas disease - Mus musculus (house mouse)","10/235","103/11244",0.0970873786407767,4.64532121462508,5.42991997246027,5.65600092902873e-05,0.000464803178363023,0.000332780455849085,"12266/20296/20304/14102/14281/15977/16193/18035/18126/21808",10
"Human Diseases","Infectious disease: viral","mmu05166","Human T-cell leukemia virus 1 infection - Mus musculus (house mouse)","16/235","246/11244",0.0650406504065041,3.11198754540737,4.8933147244699,5.8335621575926e-05,0.000464803178363023,0.000332780455849085,"21939/12981/13653/13654/14281/14283/14999/110557/15040/15894/16168/16186/16193/18035/21808/22695",16
"Human Diseases","Infectious disease: parasitic","mmu05146","Amoebiasis - Mus musculus (house mouse)","10/235","107/11244",0.0934579439252336,4.47166434678863,5.27165049147569,7.83249833472059e-05,0.000604570965211245,0.000432848592181927,"12981/14825/20310/330122/16193/16780/16782/18126/20707/21808",10
"Human Diseases","Infectious disease: parasitic","mmu05143","African trypanosomiasis - Mus musculus (house mouse)","6/235","37/11244",0.162162162162162,7.75894192064405,6.01639014573684,0.000105627097387627,0.000790602819840725,0.00056603994772317,"14102/15894/16173/16193/20339/22329",6
"Cellular Processes","Cell growth and death","mmu04210","Apoptosis - Mus musculus (house mouse)","11/235","136/11244",0.0808823529411765,3.86996245306633,4.91958914152492,0.000128979504631584,0.00093699816600004,0.000670853151024959,"11796/12364/13198/14102/14281/13197/17873/23882/18035/18049/22029",11
"Organismal Systems","Immune system","mmu04622","RIG-I-like receptor signaling pathway - Mus musculus (house mouse)","8/235","73/11244",0.10958904109589,5.24348586417954,5.3142167577768,0.000134772642770201,0.00095110979326399,0.00068095651083891,"15945/80861/15977/56489/54123/100038882/18035/21353",8
"Environmental Information Processing","Signal transduction","mmu04010","MAPK signaling pathway - Mus musculus (house mouse)","17/235","300/11244",0.0566666666666667,2.71131914893617,4.38939531459116,0.000186498443071184,0.00127958653996062,0.000916132702805816,"12977/13198/19252/240672/18218/13874/14102/14164/14281/13197/17873/23882/26399/18049/18591/329502/21808",17
"Human Diseases","Infectious disease: bacterial","mmu05133","Pertussis - Mus musculus (house mouse)","8/235","77/11244",0.103896103896104,4.97109698811826,5.10844473410171,0.000196386905215917,0.00131101528617112,0.00093863442606754,"12266/20311/14281/83430/16193/16362/216799/18126",8
"Human Diseases","Infectious disease: bacterial","mmu05134","Legionellosis - Mus musculus (house mouse)","7/235","59/11244",0.11864406779661,5.67673999278759,5.26201810262549,0.000215484572094643,0.00140064971861518,0.0010028090889723,"12266/14825/20310/330122/16173/16193/18035",7
"Human Diseases","Cardiovascular disease","mmu05418","Fluid shear stress and atherosclerosis - Mus musculus (house mouse)","11/235","149/11244",0.0738255033557047,3.53231472226189,4.5461971084687,0.00028816808861514,0.00182506456122922,0.00130667311436825,"20296/19252/14281/14869/14871/15894/26399/211666/18591/20339/22329",11
"Organismal Systems","Immune system","mmu04659","Th17 cell differentiation - Mus musculus (house mouse)","9/235","105/11244",0.0857142857142857,4.10115501519757,4.66440361980822,0.000343613797570549,0.00212181519999814,0.00151913468399611,"14281/14462/14999/83430/16186/16193/18035/18037/20846",9
"Human Diseases","Infectious disease: bacterial","mmu05152","Tuberculosis - Mus musculus (house mouse)","12/235","180/11244",0.0666666666666667,3.18978723404255,4.32696307633177,0.000394732889529215,0.00237802496862722,0.00170257061465746,"12266/16149/56619/14999/15977/16173/83430/16193/17533/18126/20846/21808",12
"Human Diseases","Infectious disease: bacterial","mmu05135","Yersinia infection - Mus musculus (house mouse)","10/235","136/11244",0.0735294117647059,3.51814768460576,4.31652058468804,0.000559492281282441,0.00329034746373245,0.0023557569738208,"20296/140580/14281/15977/16173/16193/16822/26399/18035/216799",10
"Human Diseases","Endocrine and metabolic disease","mmu04936","Alcoholic liver disease - Mus musculus (house mouse)","10/235","141/11244",0.0709219858156028,3.39339067451335,4.17834293493248,0.000742309384318271,0.00426396320759565,0.00305282684370794,"12266/14825/20310/330122/14102/15977/56489/16193/26399/18035",10
"Human Diseases","Endocrine and metabolic disease","mmu04933","AGE-RAGE signaling pathway in diabetic complications - Mus musculus (house mouse)","8/235","101/11244",0.0792079207920792,3.78984621866442,4.11472662796842,0.00122882407117598,0.00689817149046514,0.00493881444874555,"20296/13653/15894/16193/20339/20846/21808/22329",8
"Human Diseases","Infectious disease: viral","mmu05165","Human papillomavirus infection - Mus musculus (house mouse)","17/235","358/11244",0.0474860335195531,2.27205515273981,3.57366953974991,0.00138745538691197,0.00733963428715703,0.00525488412632593,"14102/110557/15040/15977/56489/16362/16391/100038882/16780/16782/17857/17858/231655/23962/19225/20846/20847",17
"Human Diseases","Immune disease","mmu05330","Allograft rejection - Mus musculus (house mouse)","6/235","59/11244",0.101694915254237,4.86577713667508,4.34956600223037,0.00139661057285984,0.00733963428715703,0.00525488412632593,"21939/12519/14102/14999/110557/15040",6
"Human Diseases","Immune disease","mmu05332","Graft-versus-host disease - Mus musculus (house mouse)","6/235","59/11244",0.101694915254237,4.86577713667508,4.34956600223037,0.00139661057285984,0.00733963428715703,0.00525488412632593,"12519/14102/14999/110557/15040/16193",6
"Human Diseases","Cancer: overview","mmu05202","Transcriptional misregulation in cancer - Mus musculus (house mouse)","12/235","219/11244",0.0547945205479452,2.62174293208977,3.54091802656738,0.00217905860279956,0.0112130723935727,0.00802811064189313,"11796/21939/12981/13198/13197/17873/23882/16193/80859/18792/22029/22290",12
"Organismal Systems","Immune system","mmu04658","Th1 and Th2 cell differentiation - Mus musculus (house mouse)","7/235","88/11244",0.0795454545454545,3.80599613152805,3.86078175168224,0.002405370056079,0.0121250286500309,0.00868103478885654,"14281/14462/14999/16186/18035/18037/20846",7
"Genetic Information Processing","Information processing in viruses","mmu03250","Viral life cycle - HIV-1 - Mus musculus (house mouse)","6/235","66/11244",0.0909090909090909,4.34970986460348,3.98747715529696,0.00249524890677114,0.0123265295994494,0.00882530139658004,"69550/17857/17858/76681/319236/20128",6
"Cellular Processes","Cell growth and death","mmu04217","Necroptosis - Mus musculus (house mouse)","10/235","177/11244",0.0564971751412429,2.70320952037505,3.33688204273007,0.00402800003644746,0.0195081570392652,0.0139670589499107,"11796/14102/15977/16391/216799/329502/20846/20847/21929/58203",10
"Human Diseases","Immune disease","mmu05320","Autoimmune thyroid disease - Mus musculus (house mouse)","6/235","75/11244",0.08,3.82774468085106,3.5897547675188,0.00473535693130966,0.0224929454237209,0.0161040478635632,"21939/12519/14102/14999/110557/15040",6
"Human Diseases","Infectious disease: viral","mmu05170","Human immunodeficiency virus 1 infection - Mus musculus (house mouse)","12/235","245/11244",0.0489795918367347,2.34351715154147,3.10635264414762,0.00539096215987822,0.0251239179903759,0.0179877188254129,"69550/14102/14281/110557/15040/15977/26399/18035/21354/76681/319236/20128",12
"Human Diseases","Immune disease","mmu05340","Primary immunodeficiency - Mus musculus (house mouse)","4/235","36/11244",0.111111111111111,5.31631205673759,3.78966765666883,0.00648305467085941,0.0296539722907828,0.0212310562320542,"11634/21939/16186/21354",4
"Human Diseases","Cancer: specific types","mmu05210","Colorectal cancer - Mus musculus (house mouse)","6/235","88/11244",0.0681818181818182,3.26228239845261,3.11268376422937,0.0101966448829331,0.0449744872515085,0.0321999312092624,"13874/14281/13197/17873/23882/21808",6
"Human Diseases","Cancer: overview","mmu05235","PD-L1 expression and PD-1 checkpoint pathway in cancer - Mus musculus (house mouse)","6/235","88/11244",0.0681818181818182,3.26228239845261,3.11268376422937,0.0101966448829331,0.0449744872515085,0.0321999312092624,"60533/14281/26399/18035/18037/20846",6
"Human Diseases","Cancer: overview","mmu05204","Chemical carcinogenesis - DNA adducts - Mus musculus (house mouse)","6/235","90/11244",0.0666666666666667,3.18978723404255,3.0472560983207,0.0113208094955041,0.0482234046097864,0.0345260258872538,"13113/14869/14871/211666/19225/100727",6
"Organismal Systems","Immune system","mmu04650","Natural killer cell mediated cytotoxicity - Mus musculus (house mouse)","7/235","117/11244",0.0598290598290598,2.86262956901255,2.95890812572107,0.0113237144427838,0.0482234046097864,0.0345260258872538,"12981/14102/15040/15894/15977/16822/56554",7
