"ID","Description","GeneRatio","BgRatio","RichFactor","FoldEnrichment","zScore","pvalue","p.adjust","qvalue","geneID","Count"
"Nfkb1","Nfkb1","36/107","137/1231",0.262773722627737,3.0231257248107,7.74703974160721,3.71099286867432e-11,4.8985105866501e-09,4.49225452523734e-09,"Cxcl1/Cxcl2/Ccl2/Cxcl10/Tnfaip3/Csf2/Junb/Vcam1/Nfkbiz/Ptgs2/Lif/Lcn2/Gadd45b/Nfkbia/Cd80/Nos2/Dusp1/Fas/Birc3/Csf1/Cd40/Stat1/Ccl20/Upp1/Ptgs1/Il23a/Ccl9/Il6/Egr2/Il15/Fos/Elf3/Ifnb1/Ccl5/Sele/Selp",36
"Stat1","Stat1","12/107","24/1231",0.5,5.75233644859813,7.25137649220662,1.14070946202167e-07,7.52868244934301e-06,6.90429411223642e-06,"Cxcl10/Irf9/Irf7/Irf1/Nos2/Cd40/Egr1/Gbp2/Upp1/Il6/Cebpd/Ifnb1",12
"Rela","Rela","21/107","85/1231",0.247058823529412,2.84233095107202,5.429328149462,3.38004729754376e-06,0.000148722081091925,0.00013638787340966,"Ccl2/Cxcl10/Tnfaip3/Vcam1/Ptgs2/Cd80/Nos2/Fas/Birc3/Csf1/Cd40/Ccl20/Upp1/Icam1/Il23a/Il6/Fos/Cxcl11/Ifnb1/Ccl5/Selp",21
"Irf1","Irf1","9/107","19/1231",0.473684210526316,5.44958189867191,6.02845445660382,9.01683938249146e-06,0.000297555699622218,0.000272878033943821,"Cxcl10/Nos2/Gbp2/Upp1/Tap1/Cxcl11/Ifnb1/Ccl5/Sell",9
"Rel","Rel","8/107","17/1231",0.470588235294118,5.41396371632765,5.65203919816911,3.16773186879927e-05,0.000836281213363008,0.000766924557709298,"Ccl2/Tnfaip3/Nos2/Birc3/Il23a/Cebpd/Pthlh/Ccl5",8
"Ikbkb","Ikbkb","5/107","9/1231",0.555555555555556,6.39148494288681,5.00674343901946,0.000430355216737981,0.00946781476823559,0.00868260524997682,"Cxcl2/Cxcl10/Ptgs2/Nfkbia/Cxcl11",5
"Jun","Jun","17/107","93/1231",0.182795698924731,2.1030047231434,3.41199985718026,0.00168215613988046,0.0317206586377458,0.0290899182084591,"Cxcl1/Cxcl2/Ccl2/Csf2/Ptgs2/Nos2/Fosl1/Mmp13/Icam1/Il23a/Plau/Ngf/Il6/Bcl3/Cebpd/Fos/Ccl5",17
"Bcl3","Bcl3","5/107","12/1231",0.416666666666667,4.79361370716511,4.07289454011757,0.0021842604673393,0.0360402977110985,0.0330513097031605,"Cxcl10/Tnfaip3/Tnfrsf12a/Il23a/Ubc",5
"Irf3","Irf3","4/107","8/1231",0.5,5.75233644859813,4.15910834107213,0.00287592731303287,0.0421802672578154,0.0386820632747111,"Usp18/Pvr/Il23a/Ifnb1",4
